development_centre,evaluation_centre,validation_type,n,metric,estimate,ci_low,ci_high,bootstrap_replicates,bootstrap_seed
A,A,Internal OOF,323,delta_tbr_mae,0.23726696405709713,0.20848007817152922,0.26773730574158416,2000,2026
A,A,Internal OOF,323,delta_tbr_rmse,0.3599853704263871,0.2838454005254215,0.44232479203560726,2000,2026
A,A,Internal OOF,323,delta_tbr_r2,0.2552278257052564,0.12442524124885616,0.3954010763866775,2000,2026
A,A,Internal OOF,323,delta_log_tac_mae,0.5078170213998575,0.413126585371417,0.6121369760828739,2000,2026
A,A,Internal OOF,323,delta_log_tac_rmse,1.0388839965619296,0.8119901846015378,1.244881233311366,2000,2026
A,A,Internal OOF,323,delta_log_tac_r2,-0.007073459181783814,-0.05778644921089275,0.05867526965417226,2000,2026
C,A,External,323,delta_tbr_mae,0.24760114583806725,0.21884457978474744,0.280408722208092,2000,2026
C,A,External,323,delta_tbr_rmse,0.37156202423072293,0.2945066891847427,0.45456580487321885,2000,2026
C,A,External,323,delta_tbr_r2,0.20655581889962904,0.0466830251925035,0.3722855820956978,2000,2026
C,A,External,323,delta_log_tac_mae,0.5014847171365966,0.4107207127941978,0.5999311718310948,2000,2026
C,A,External,323,delta_log_tac_rmse,1.0206840656939722,0.7997273527211903,1.2268239708456088,2000,2026
C,A,External,323,delta_log_tac_r2,0.02790276508545042,-0.028308637879539494,0.10205768390512245,2000,2026
A,B,External,31,delta_tbr_mae,0.2929783261591388,0.1956041141443195,0.4262195088630241,2000,2026
A,B,External,31,delta_tbr_rmse,0.43991145059282966,0.24300135277140228,0.6470991671951254,2000,2026
A,B,External,31,delta_tbr_r2,0.022056457172196287,-0.9003957222954971,0.6095369548846241,2000,2026
A,B,External,31,delta_log_tac_mae,0.5048069157559858,0.242763868293172,0.8432675236642792,2000,2026
A,B,External,31,delta_log_tac_rmse,1.0252104385489043,0.2997247651301375,1.5849994606742615,2000,2026
A,B,External,31,delta_log_tac_r2,0.015359196487569449,-0.1693086067104642,0.427164232030183,2000,2026
C,B,External,31,delta_tbr_mae,0.2724431068185837,0.17343261900448032,0.4007825549691915,2000,2026
C,B,External,31,delta_tbr_rmse,0.4220861902641077,0.22430526819294944,0.623279693844835,2000,2026
C,B,External,31,delta_tbr_r2,0.0997035515881527,-0.6618160787098336,0.644697896365311,2000,2026
C,B,External,31,delta_log_tac_mae,0.48558660156249367,0.2253871055161573,0.8265980543991688,2000,2026
C,B,External,31,delta_log_tac_rmse,1.0217578770418676,0.27052700070474117,1.599419834066964,2000,2026
C,B,External,31,delta_log_tac_r2,0.02197987619168551,-0.16483380529917527,0.5649239970216106,2000,2026
A,C,External,546,delta_tbr_mae,0.232090997281092,0.21339107353270956,0.24936072977000484,2000,2026
A,C,External,546,delta_tbr_rmse,0.3170146608616315,0.2871117332272428,0.34524499290693,2000,2026
A,C,External,546,delta_tbr_r2,0.27152808179519505,0.16245213577859294,0.3720940679255937,2000,2026
A,C,External,546,delta_log_tac_mae,0.48559309482456936,0.4253665072523187,0.5524233184340916,2000,2026
A,C,External,546,delta_log_tac_rmse,0.9165867830472426,0.7666883469702303,1.0690754635815005,2000,2026
A,C,External,546,delta_log_tac_r2,0.013325336350792916,-0.024441283865141623,0.05837562321535642,2000,2026
C,C,Internal OOF,546,delta_tbr_mae,0.24002410899233687,0.22297254684688217,0.2561596062723479,2000,2026
C,C,Internal OOF,546,delta_tbr_rmse,0.31199811748890555,0.28675138800911426,0.336048600426872,2000,2026
C,C,Internal OOF,546,delta_tbr_r2,0.29440082003483947,0.21434221018871907,0.3656779938687648,2000,2026
C,C,Internal OOF,546,delta_log_tac_mae,0.5065286535243364,0.44569931576745153,0.5747047183585647,2000,2026
C,C,Internal OOF,546,delta_log_tac_rmse,0.9281773155608611,0.781427447349825,1.080956554101199,2000,2026
C,C,Internal OOF,546,delta_log_tac_r2,-0.011786069254913434,-0.06670374977530631,0.04515528912631653,2000,2026
